{"initial_reset_timestamp": 1507389538.091365, "timestamps": [1507389538.994302, 1507389539.25983, 1507389539.304367, 1507389539.304731, 1507389539.305182, 1507389539.305368, 1507389539.305672, 1507389539.305884, 1507389539.493087, 1507389539.5371609, 1507389539.5380821, 1507389539.5383859, 1507389539.5386739, 1507389539.539089, 1507389539.540261, 1507389539.5404558, 1507389539.540745, 1507389539.5410502, 1507389539.5414028, 1507389539.541787, 1507389539.542006, 1507389539.542495, 1507389539.543068, 1507389539.544298, 1507389539.544978, 1507389539.5453491, 1507389539.545582, 1507389540.1103191, 1507389540.1844869, 1507389540.184801, 1507389540.185375, 1507389540.185738, 1507389540.185964, 1507389540.1863391, 1507389540.1866271, 1507389540.1875682, 1507389540.187993, 1507389540.18838, 1507389540.188659, 1507389540.189157, 1507389540.1896372, 1507389540.190089, 1507389540.190345, 1507389540.1908102, 1507389540.191324, 1507389540.191728, 1507389540.192197, 1507389540.192499, 1507389540.192938, 1507389540.193239, 1507389540.1938822, 1507389540.194592, 1507389540.1953962, 1507389540.195723, 1507389540.1960142, 1507389540.196214, 1507389540.196812, 1507389540.197025, 1507389540.197301, 1507389540.197885, 1507389540.198313, 1507389540.198742, 1507389540.1989381, 1507389540.199212, 1507389540.460308, 1507389540.5101418, 1507389540.511064, 1507389540.511573, 1507389540.511939, 1507389540.512366, 1507389540.5131872, 1507389540.513535, 1507389540.5137851, 1507389540.5146701, 1507389540.515994, 1507389540.516717, 1507389540.517982, 1507389540.518425, 1507389540.518868, 1507389540.519289, 1507389540.51982, 1507389540.520189, 1507389540.52048, 1507389540.5208719, 1507389540.521589, 1507389540.5219321, 1507389540.5221891, 1507389540.5228028, 1507389540.5231092, 1507389540.5236428, 1507389540.524081, 1507389540.52448, 1507389540.524784, 1507389540.524993, 1507389540.525234, 1507389540.525537, 1507389540.525867, 1507389540.526268, 1507389540.526539, 1507389540.526761], "episode_lengths": [14, 12, 12, 20, 25, 10, 18, 12, 11, 15, 56, 18, 11, 23, 70, 10, 16, 17, 20, 17, 11, 29, 17, 36, 39, 22, 12, 32, 22, 15, 36, 22, 13, 23, 14, 32, 17, 22, 16, 31, 30, 28, 15, 29, 32, 25, 29, 18, 27, 18, 40, 39, 49, 19, 17, 11, 37, 12, 16, 36, 26, 26, 11, 16, 15, 18, 56, 31, 22, 26, 52, 21, 14, 28, 37, 16, 37, 10, 16, 13, 24, 19, 15, 21, 40, 18, 13, 26, 15, 31, 25, 23, 17, 11, 13, 17, 18, 23, 15, 12], "episode_rewards": [14.0, 12.0, 12.0, 20.0, 25.0, 10.0, 18.0, 12.0, 11.0, 15.0, 56.0, 18.0, 11.0, 23.0, 70.0, 10.0, 16.0, 17.0, 20.0, 17.0, 11.0, 29.0, 17.0, 36.0, 39.0, 22.0, 12.0, 32.0, 22.0, 15.0, 36.0, 22.0, 13.0, 23.0, 14.0, 32.0, 17.0, 22.0, 16.0, 31.0, 30.0, 28.0, 15.0, 29.0, 32.0, 25.0, 29.0, 18.0, 27.0, 18.0, 40.0, 39.0, 49.0, 19.0, 17.0, 11.0, 37.0, 12.0, 16.0, 36.0, 26.0, 26.0, 11.0, 16.0, 15.0, 18.0, 56.0, 31.0, 22.0, 26.0, 52.0, 21.0, 14.0, 28.0, 37.0, 16.0, 37.0, 10.0, 16.0, 13.0, 24.0, 19.0, 15.0, 21.0, 40.0, 18.0, 13.0, 26.0, 15.0, 31.0, 25.0, 23.0, 17.0, 11.0, 13.0, 17.0, 18.0, 23.0, 15.0, 12.0], "episode_types": ["t", "t", "t", "t", "t", "t", "t", "t", "t", "t", "t", "t", "t", "t", "t", "t", "t", "t", "t", "t", "t", "t", "t", "t", "t", "t", "t", "t", "t", "t", "t", "t", "t", "t", "t", "t", "t", "t", "t", "t", "t", "t", "t", "t", "t", "t", "t", "t", "t", "t", "t", "t", "t", "t", "t", "t", "t", "t", "t", "t", "t", "t", "t", "t", "t", "t", "t", "t", "t", "t", "t", "t", "t", "t", "t", "t", "t", "t", "t", "t", "t", "t", "t", "t", "t", "t", "t", "t", "t", "t", "t", "t", "t", "t", "t", "t", "t", "t", "t", "t"]}